{"steps": [0, 10, 20, 30, 40, 50, 60, 70, 80, 90, 100, 110, 120, 130, 140, 150, 160, 170, 180, 190, 200, 210, 220, 230, 240, 250, 260, 270, 280, 290, 300, 310, 320, 330, 340, 350, 360, 370, 380, 390, 400, 410, 420, 430, 440, 450, 460, 470, 480, 490, 500, 510, 520, 530, 540, 550, 560, 570, 580, 590, 600, 610, 620, 630, 640, 650, 660, 670, 680, 690, 700, 710, 720, 730, 740, 750, 760, 770, 780, 790, 800, 810, 820, 830, 840, 850, 860, 870, 880, 890, 900, 910, 920, 930, 940, 950, 960, 970, 980, 990, 1000], 
"total_loss": [11.047452926635742, 10.253684043884277, 9.700989723205566, 9.332535743713379, 8.959027290344238, 8.699410438537598, 8.601832389831543, 8.65478801727295, 8.533662796020508, 8.44281005859375, 7.948792457580566, 8.037141799926758, 7.914501667022705, 8.218362808227539, 8.145729064941406, 7.6964616775512695, 8.095093727111816, 8.164703369140625, 8.106680870056152, 7.913007736206055, 7.699940204620361, 8.016072273254395, 8.03002643585205, 7.954447269439697, 7.756235599517822, 7.70786714553833, 7.664221286773682, 7.747080326080322, 7.633607387542725, 8.08057975769043, 7.719142913818359, 7.849142074584961, 7.163140773773193, 7.722796440124512, 7.748559951782227, 7.340611457824707, 7.65217924118042, 7.781462669372559, 7.91817045211792, 7.261836528778076, 7.518693923950195, 7.4926276206970215, 7.560438632965088, 7.116446018218994, 7.638819217681885, 7.250396251678467, 7.334741592407227, 7.566817760467529, 7.65659236907959, 7.531513690948486, 7.23183536529541, 7.689419746398926, 7.782686233520508, 7.547429084777832, 7.1251540184021, 8.027935028076172, 7.5639753341674805, 7.516513824462891, 7.134758949279785, 7.4877119064331055, 7.281893730163574, 7.379321098327637, 6.752425193786621, 7.484390735626221, 7.827881336212158, 7.132967472076416, 7.878026962280273, 7.523714542388916, 7.448880672454834, 7.2462544441223145, 6.91644811630249, 7.405129909515381, 7.567230701446533, 7.656477928161621, 7.501744270324707, 7.061068534851074, 7.388818264007568, 7.2988057136535645, 7.412398338317871, 7.045066833496094, 7.601140022277832, 7.545565128326416, 7.608561992645264, 7.407538890838623, 7.3461079597473145, 7.130563735961914, 7.581226348876953, 7.4091010093688965, 7.521467685699463, 7.67221736907959, 7.2824201583862305, 7.690375804901123, 7.412471771240234, 7.3786091804504395, 6.94166898727417, 7.475940227508545, 7.484350204467773, 7.213333606719971, 7.326669216156006, 7.294154644012451, 7.470277786254883], 
"lm_loss": [11.021526336669922, 10.22815990447998, 9.675601959228516, 9.307538986206055, 8.933675765991211, 8.674290657043457, 8.576322555541992, 8.630087852478027, 8.509218215942383, 8.419005393981934, 7.924517631530762, 8.013296127319336, 7.8901472091674805, 8.194748878479004, 8.121706008911133, 7.6722822189331055, 8.071441650390625, 8.14085578918457, 8.082657814025879, 7.888868808746338, 7.675938129425049, 7.992246150970459, 8.005965232849121, 7.93052339553833, 7.732174396514893, 7.68366813659668, 7.640471935272217, 7.723329544067383, 7.609426498413086, 8.057044982910156, 7.695082187652588, 7.825314998626709, 7.138494491577148, 7.69844388961792, 7.7248687744140625, 7.316707134246826, 7.628430366516113, 7.757675647735596, 7.8939337730407715, 7.237757682800293, 7.494593143463135, 7.4685468673706055, 7.536376953125, 7.092540264129639, 7.615091800689697, 7.226081848144531, 7.310545444488525, 7.542466163635254, 7.632395267486572, 7.507571697235107, 7.20771598815918, 7.665574073791504, 7.758604049682617, 7.523096561431885, 7.100937843322754, 8.003543853759766, 7.539798259735107, 7.4926862716674805, 7.1104044914245605, 7.46380615234375, 7.2580671310424805, 7.355318546295166, 6.728187084197998, 7.460643291473389, 7.804054260253906, 7.1086931228637695, 7.854472637176514, 7.499303817749023, 7.425230026245117, 7.222078800201416, 6.892623424530029, 7.38149881362915, 7.54344367980957, 7.632381916046143, 7.477705001831055, 7.037242889404297, 7.36425256729126, 7.27451229095459, 7.3880085945129395, 7.020500659942627, 7.57700252532959, 7.521040439605713, 7.584075927734375, 7.383091449737549, 7.3215436935424805, 7.106367111206055, 7.5571675300598145, 7.3852972984313965, 7.497623443603516, 7.647982597351074, 7.257913112640381, 7.666042804718018, 7.38804292678833, 7.354216575622559, 6.917120456695557, 7.451218128204346, 7.460642337799072, 7.1891188621521, 7.3027873039245605, 7.269354820251465, 7.445673942565918], "ponder_cost": [2.5926952362060547, 2.5524415969848633, 2.5387303829193115, 2.4997072219848633, 2.5351758003234863, 2.5119338035583496, 2.5509376525878906, 2.4700000286102295, 2.444453239440918, 2.380488395690918, 2.427480697631836, 2.3845701217651367, 2.435429573059082, 2.3613476753234863, 2.402285099029541, 2.41796875, 2.3652539253234863, 2.384765625, 2.4023046493530273, 2.413886547088623, 2.4001951217651367, 2.382577896118164, 2.4060935974121094, 2.392402410507202, 2.4061131477355957, 2.4198827743530273, 2.3749217987060547, 2.375058650970459, 2.4180665016174316, 2.353456974029541, 2.406054735183716, 2.3827147483825684, 2.464609384536743, 2.4352734088897705, 2.3691210746765137, 2.390449285507202, 2.374882698059082, 2.3787107467651367, 2.423652172088623, 2.407890558242798, 2.4100780487060547, 2.408085823059082, 2.4061522483825684, 2.390566349029541, 2.3727540969848633, 2.4314258098602295, 2.4196290969848633, 2.4351367950439453, 2.4197263717651367, 2.3941993713378906, 2.4119529724121094, 2.3845508098602295, 2.4082422256469727, 2.4332618713378906, 2.4216015338897705, 2.439140796661377, 2.4176950454711914, 2.3827342987060547, 2.4354686737060547, 2.390566349029541, 2.382636785507202, 2.4002342224121094, 2.4238085746765137, 2.374746322631836, 2.382695198059082, 2.427441358566284, 2.3554296493530273, 2.441093921661377, 2.3650779724121094, 2.4175586700439453, 2.3824610710144043, 2.3631248474121094, 2.3786914348602295, 2.409590005874634, 2.4039454460144043, 2.382558584213257, 2.4565625190734863, 2.4293553829193115, 2.4389843940734863, 2.456601619720459, 2.4137306213378906, 2.4524803161621094, 2.448613166809082, 2.444765567779541, 2.456406354904175, 2.4196486473083496, 2.4058985710144043, 2.3803906440734863, 2.3844337463378906, 2.423476457595825, 2.45068359375, 2.4333205223083496, 2.4428906440734863, 2.439257860183716, 2.4548439979553223, 2.472226619720459, 2.370800733566284, 2.4214842319488525, 2.38818359375, 2.4799609184265137, 2.460390567779541],