{"steps": [0, 10, 20, 30, 40, 50, 60, 70, 80, 90, 100, 110, 120, 130, 140, 150, 160, 170, 180, 190, 200, 210, 220, 230, 240, 250, 260, 270, 280, 290, 300, 310, 320, 330, 340, 350, 360, 370, 380, 390, 400, 410, 420, 430, 440, 450, 460, 470, 480, 490, 500, 510, 520, 530, 540, 550, 560, 570, 580, 590, 600, 610, 620, 630, 640, 650, 660, 670, 680, 690, 700, 710, 720, 730, 740, 750, 760, 770, 780, 790], 
"total_loss": [11.038287162780762, 9.640756607055664, 9.2770357131958, 8.65024471282959, 8.17302417755127, 7.746405124664307, 7.952932834625244, 7.5744709968566895, 7.619837284088135, 7.53859806060791, 7.407727241516113, 7.508012294769287, 7.234470367431641, 7.433148384094238, 7.333389759063721, 7.316466331481934, 7.392029285430908, 7.417092800140381, 7.2359795570373535, 6.996417045593262, 7.362547874450684, 7.180700778961182, 7.072723865509033, 6.919158458709717, 7.05866003036499, 6.9411091804504395, 6.989631652832031, 7.045958042144775, 6.932554721832275, 6.858358383178711, 7.292201042175293, 7.257225513458252, 6.9480133056640625, 6.940816879272461, 6.996055603027344, 7.039341449737549, 6.966681480407715, 6.926492691040039, 6.9774932861328125, 7.24705171585083, 7.12734842300415, 7.055442810058594, 6.995079040527344, 7.268646717071533, 7.116384029388428, 7.106480598449707, 6.930974960327148, 6.810521602630615, 7.037903308868408, 6.954397678375244, 7.1562347412109375, 7.015886306762695, 7.101316452026367, 6.7344841957092285, 7.09027099609375, 6.839004993438721, 6.758190631866455, 7.016602516174316, 7.087882995605469, 6.792251110076904, 6.9585700035095215, 6.92907190322876, 6.867732048034668, 6.903263092041016, 7.192604064941406, 6.940393447875977, 6.844112873077393, 6.798138618469238, 6.9827799797058105, 6.85310697555542, 6.854129314422607, 6.921964168548584, 6.798681735992432, 7.0939412117004395, 6.998412132263184, 6.863436698913574, 6.805782794952393, 6.81917142868042, 6.724807262420654, 6.654068470001221], 
"lm_loss": [11.01823902130127, 9.62072467803955, 9.25700569152832, 8.63021183013916, 8.152986526489258, 7.726363658905029, 7.932894229888916, 7.554433822631836, 7.59979772567749, 7.518555164337158, 7.3876824378967285, 7.487968444824219, 7.214425086975098, 7.413106441497803, 7.3133416175842285, 7.2964186668396, 7.371981620788574, 7.3970441818237305, 7.215930938720703, 6.976370334625244, 7.342498779296875, 7.160647392272949, 7.052669525146484, 6.89910364151001, 7.038604259490967, 6.9210524559021, 6.969573497772217, 7.025903224945068, 6.912500381469727, 6.838304042816162, 7.272145748138428, 7.237172603607178, 6.927962303161621, 6.920766353607178, 6.976008415222168, 7.019290447235107, 6.946630477905273, 6.906441688537598, 6.9574432373046875, 7.227001190185547, 7.107297420501709, 7.035393238067627, 6.975028038024902, 7.248595237731934, 7.096333026885986, 7.086430549621582, 6.910924434661865, 6.790473461151123, 7.017855644226074, 6.934348106384277, 7.13618803024292, 6.995838165283203, 7.081268787384033, 6.7144365310668945, 7.070222854614258, 6.818954944610596, 6.7381415367126465, 6.996551990509033, 7.067833423614502, 6.772200584411621, 6.938520431518555, 6.909022331237793, 6.847683429718018, 6.883214473724365, 7.172557830810547, 6.920344352722168, 6.824065685272217, 6.778092384338379, 6.962733268737793, 6.833061218261719, 6.834081172943115, 6.901918411254883, 6.778635025024414, 7.073894023895264, 6.978363513946533, 6.84338903427124, 6.785735130310059, 6.799124240875244, 6.704761028289795, 6.634021759033203], 
"ponder_cost": [2.004791736602783, 2.003164291381836, 2.0030014514923096, 2.0032782554626465, 2.0037827491760254, 2.004134178161621, 2.00384783744812, 2.00370454788208, 2.0039422512054443, 2.004300117492676, 2.0044727325439453, 2.00439453125, 2.0045053958892822, 2.0041961669921875, 2.004808187484741, 2.0047755241394043, 2.0047495365142822, 2.0048797130584717, 2.0048763751983643, 2.0046844482421875, 2.00492525100708, 2.005338668823242, 2.00545597076416, 2.005495071411133, 2.0055861473083496, 2.0056772232055664, 2.0058040618896484, 2.005465507507324, 2.00545597076416, 2.0054330825805664, 2.005537271499634, 2.0053062438964844, 2.0051045417785645, 2.0050618648529053, 2.004713773727417, 2.0050783157348633, 2.0051207542419434, 2.005084753036499, 2.005016326904297, 2.005049228668213, 2.005094528198242, 2.0049545764923096, 2.0050783157348633, 2.005127191543579, 2.005110740661621, 2.0050230026245117, 2.005032539367676, 2.0048177242279053, 2.004782199859619, 2.004941701889038, 2.0046777725219727, 2.0048274993896484, 2.004762649536133, 2.004755973815918, 2.004804849624634, 2.004990339279175, 2.0048861503601074, 2.005058765411377, 2.0049774646759033, 2.0050652027130127, 2.0049805641174316, 2.0049383640289307, 2.0048699378967285, 2.004873275756836, 2.0046324729919434, 2.00492525100708, 2.004739761352539, 2.004622459411621, 2.0046615600585938, 2.0045738220214844, 2.0048210620880127, 2.0045900344848633, 2.0046908855438232, 2.00472354888916, 2.0048635005950928, 2.0047495365142822, 2.0047788619995117, 2.004707098007202, 2.0046193599700928, 2.0046486854553223],
 "lr": [0.00029999925978027874, 0.000299910442253246, 0.0002996736812186163, 0.0002992892103309462, 0.0002987574090165844, 0.00029807880209922283, 0.00029725405928195976, 0.0002962839944863834, 0.0002951695650493296, 0.00029391187077810625, 0.0002925121528651156, 0.0002909717926629478, 0.0002892923103211525, 0.0002874753632860346, 0.0002855227446649552, 0.00028343638145675076, 0.000281218332650018, 0.0002788707871911409, 0.0002763960618240649, 0.00027379659880395003, 0.0002710749634869602, 0.00026823384179856623, 0.00026527603758286174, 0.0002622044698355076, 0.0002590221698230358, 0.00025573227809135463, 0.00025233804136641, 0.00024884280935005815, 0.00024525003141431475, 0.00024156325319724098, 0.00023778611310382714, 0.00023392233871532566, 0.0002299757431105789, 0.00022595022110297048, 0.00022184974539671474, 0.00021767836266627734, 0.00021344018956279614, 0.0002091394086514432, 0.00020478026428373877, 0.00020036705840888766, 0.00019590414632827567, 0.00019139593239731243, 0.0001868468656788645, 0.00018226143555256753, 0.00017764416728435054, 0.00017299961756054457, 0.00016833236999098388, 0.00016364703058553595, 0.00015894822320852608, 0.0001542405850155414, 0.00014952876187711848, 0.0001448174037938296, 0.00014011116030729373, 0.0001354146759116405, 0.00013073258546995495, 0.00012606950964022743, 0.00012143005031532186, 0.0001168187860814633, 0.00011224026769972573, 0.00010769901361498091, 0.00010319950549673808, 9.874618381627778e-05, 9.43434434644426e-05, 8.999562941441056e-05, 8.570703243373099e-05, 8.148188484985532e-05, 7.732435637334049e-05, 7.323854998284847e-05, 6.922849787600119e-05, 6.52981574900886e-05, 6.145140759655593e-05, 5.769204447312446e-05, 5.402377815732338e-05, 5.045022878513131e-05, 4.697492301833887e-05, 4.3601290564159035e-05, 4.0332660790520466e-05, 3.7172259440383384e-05, 3.412320544832039e-05, 3.1188507862505e-05]}